seed_status,major_group,family,notes
seed,Angiosperms,Asphodelaceae,Added manually
seed,Angiosperms,Francoaceae,Added manually
seed,Angiosperms,Griseliniaceae,Added manually
seed,Angiosperms,Kewaceae,Added manually
seed,Angiosperms,Nyssaceae,Added manually
seed,Angiosperms,Petiveriaceae,Added manually
seed,Angiosperms,Ripogonaceae,Added manually
seed,Angiosperms,Viburnaceae,Added manually
seed,Angiosperms,Asteraceae,Added manually; Compositae in TPL
seed,Angiosperms,Compositae,
seed,Angiosperms,Leguminosae,
seed,Angiosperms,Fabaceae,Added manually; Leguminosae in TPL
non-seed,Bryophytes,Anomodontaceae,WFO
non-seed,Bryophytes,Braithwaiteaceae,WFO
non-seed,Bryophytes,Calliergonaceae,WFO
non-seed,Bryophytes,Distichiaceae,WFO
non-seed,Bryophytes,Flatbergiaceae,WFO
non-seed,Bryophytes,Helodiaceae,WFO
non-seed,Bryophytes,Hypodontiaceae,WFO
non-seed,Bryophytes,Leptostomataceae,WFO
non-seed,Bryophytes,Leucobryaceae,WFO
non-seed,Bryophytes,Miyabeaceae,WFO
non-seed,Bryophytes,Orthodontiaceae,WFO
non-seed,Bryophytes,Pterobryellaceae,WFO
non-seed,Bryophytes,Pulchrinodaceae,WFO
non-seed,Bryophytes,Pylaisiaceae,WFO
non-seed,Bryophytes,Pylaisiadelphaceae,WFO
non-seed,Bryophytes,Rhabdodontiaceae,WFO
non-seed,Bryophytes,Rhytidiaceae,WFO
non-seed,Bryophytes,Saelaniaceae,WFO
non-seed,Bryophytes,Saulomataceae,WFO
non-seed,Bryophytes,Schimperobryaceae,WFO
non-seed,Bryophytes,Scouleriaceae,WFO
non-seed,Bryophytes,Symphyodontaceae,WFO
non-seed,Bryophytes,Timmiellaceae,WFO
non-seed,Fungi?,Trachylomataceae,WFO
seed,Angiosperms,Alzateaceae,WFO
seed,Angiosperms,Crypteroniaceae,WFO
seed,Angiosperms,Heliotropiaceae,WFO
seed,Angiosperms,Macarthuriaceae,WFO
seed,Angiosperms,Maundiaceae,WFO
seed,Angiosperms,Mazaceae,WFO
seed,Angiosperms,Microteaceae,WFO
seed,Angiosperms,Stemodiopsis,WFO
non-seed,Bryophytes,Acrobolbaceae,
non-seed,Bryophytes,Adelanthaceae,
non-seed,Bryophytes,Allisoniaceae,
non-seed,Bryophytes,Amblystegiaceae,
non-seed,Bryophytes,Anastrophyllaceae,
non-seed,Bryophytes,Andreaeaceae,
non-seed,Bryophytes,Andreaeobryaceae,
non-seed,Bryophytes,Aneuraceae,
non-seed,Bryophytes,Antheliaceae,
non-seed,Bryophytes,Anthocerotaceae,
non-seed,Bryophytes,Archidiaceae,
non-seed,Bryophytes,Arnelliaceae,
non-seed,Bryophytes,Aulacomniaceae,
non-seed,Bryophytes,Aytoniaceae,
non-seed,Bryophytes,Balantiopsaceae,
non-seed,Bryophytes,Bartramiaceae,
non-seed,Bryophytes,Blasiaceae,
non-seed,Bryophytes,Brachytheciaceae,
non-seed,Bryophytes,Brevianthaceae,
non-seed,Bryophytes,Bruchiaceae,
non-seed,Bryophytes,Bryaceae,
non-seed,Bryophytes,Bryobartramiaceae,
non-seed,Bryophytes,Bryoxiphiaceae,
non-seed,Bryophytes,Buxbaumiaceae,
non-seed,Bryophytes,Calomniaceae,
non-seed,Bryophytes,Calymperaceae,
non-seed,Bryophytes,Calypogeiaceae,
non-seed,Bryophytes,Catagoniaceae,
non-seed,Bryophytes,Catoscopiaceae,
non-seed,Bryophytes,Cephaloziaceae,
non-seed,Bryophytes,Cephaloziellaceae,
non-seed,Bryophytes,Chaetophyllopsaceae,
non-seed,Bryophytes,Chonecoleaceae,
non-seed,Bryophytes,Cinclidotaceae,
non-seed,Bryophytes,Cleveaceae,
non-seed,Bryophytes,Climaciaceae,
non-seed,Bryophytes,Conocephalaceae,
non-seed,Bryophytes,Corsiniaceae,
non-seed,Bryophytes,Cryphaeaceae,
non-seed,Bryophytes,Cyrtopodaceae,
non-seed,Bryophytes,Daltoniaceae,
non-seed,Bryophytes,Dendrocerotaceae,
non-seed,Bryophytes,Dicnemonaceae,
non-seed,Bryophytes,Dicranaceae,
non-seed,Bryophytes,Diphysciaceae,
non-seed,Bryophytes,Disceliaceae,
non-seed,Bryophytes,Ditrichaceae,
non-seed,Bryophytes,Echinodiaceae,
non-seed,Bryophytes,Encalyptaceae,
non-seed,Bryophytes,Entodontaceae,
non-seed,Bryophytes,Ephemeraceae,
non-seed,Bryophytes,Erpodiaceae,
non-seed,Bryophytes,Eustichiaceae,
non-seed,Bryophytes,Exormothecaceae,
non-seed,Bryophytes,Fabroniaceae,
non-seed,Bryophytes,Fissidentaceae,
non-seed,Bryophytes,Fontinalaceae,
non-seed,Bryophytes,Fossombroniaceae,
non-seed,Bryophytes,Funariaceae,
non-seed,Bryophytes,Geocalycaceae,
non-seed,Bryophytes,Gigaspermaceae,
non-seed,Bryophytes,Goebeliellaceae,
non-seed,Bryophytes,Grimmiaceae,
non-seed,Bryophytes,Gymnomitriaceae,
non-seed,Bryophytes,Gyrothyraceae,
non-seed,Bryophytes,Haplomitriaceae,
non-seed,Bryophytes,Hedwigiaceae,
non-seed,Bryophytes,Helicophyllaceae,
non-seed,Bryophytes,Herbertaceae,
non-seed,Bryophytes,Hookeriaceae,
non-seed,Bryophytes,Hylocomiaceae,
non-seed,Bryophytes,Hymenophytaceae,
non-seed,Bryophytes,Hypnaceae,
non-seed,Bryophytes,Hypnodendraceae,
non-seed,Bryophytes,Hypopterygiaceae,
non-seed,Bryophytes,Jackiellaceae,
non-seed,Bryophytes,Jubulaceae,
non-seed,Bryophytes,Jubulopsaceae,
non-seed,Bryophytes,Jungermanniaceae,
non-seed,Bryophytes,Lejeuneaceae,
non-seed,Bryophytes,Lembophyllaceae,
non-seed,Bryophytes,Lepicoleaceae,
non-seed,Bryophytes,Lepidolaenaceae,
non-seed,Bryophytes,Lepidoziaceae,
non-seed,Bryophytes,Leptodontaceae,
non-seed,Bryophytes,Lepyrodontaceae,
non-seed,Bryophytes,Leskeaceae,
non-seed,Bryophytes,Leucodontaceae,
non-seed,Bryophytes,Leucomiaceae,
non-seed,Bryophytes,Lophocoleaceae,
non-seed,Bryophytes,Lophoziaceae,
non-seed,Bryophytes,Lunulariaceae,
non-seed,Bryophytes,Makinoaceae,
non-seed,Bryophytes,Marchantiaceae,
non-seed,Bryophytes,Mastigophoraceae,
non-seed,Bryophytes,Meesiaceae,
non-seed,Bryophytes,Mesoptychiaceae,
non-seed,Bryophytes,Meteoriaceae,
non-seed,Bryophytes,Metzgeriaceae,
non-seed,Bryophytes,Microtheciellaceae,
non-seed,Bryophytes,Mitteniaceae,
non-seed,Bryophytes,Mizutaniaceae,
non-seed,Bryophytes,Mniaceae,
non-seed,Bryophytes,Monocarpaceae,
non-seed,Bryophytes,Monocleaceae,
non-seed,Bryophytes,Monosoleniaceae,
non-seed,Bryophytes,Myriniaceae,
non-seed,Bryophytes,Myuriaceae,
non-seed,Bryophytes,Neckeraceae,
non-seed,Bryophytes,Neotrichocoleaceae,
non-seed,Bryophytes,Notothyladaceae,
non-seed,Bryophytes,Octoblepharaceae,
non-seed,Bryophytes,Oedipodiaceae,
non-seed,Bryophytes,Orthorrhynchiaceae,
non-seed,Bryophytes,Orthotrichaceae,
non-seed,Bryophytes,Oxymitraceae,
non-seed,Bryophytes,Pallaviciniaceae,
non-seed,Bryophytes,Pelliaceae,
non-seed,Bryophytes,Phyllodrepaniaceae,
non-seed,Bryophytes,Phyllogoniaceae,
non-seed,Bryophytes,Pilotrichaceae,
non-seed,Bryophytes,Plagiochilaceae,
non-seed,Bryophytes,Plagiotheciaceae,
non-seed,Bryophytes,Pleurophascaceae,
non-seed,Bryophytes,Pleuroziaceae,
non-seed,Bryophytes,Pleuroziopsaceae,
non-seed,Bryophytes,Polytrichaceae,
non-seed,Bryophytes,Porellaceae,
non-seed,Bryophytes,Pottiaceae,
non-seed,Bryophytes,Prionodontaceae,
non-seed,Bryophytes,Pseudoditrichaceae,
non-seed,Bryophytes,Pseudolepicoleaceae,
non-seed,Bryophytes,Pterigynandraceae,
non-seed,Bryophytes,Pterobryaceae,
non-seed,Bryophytes,Ptilidiaceae,
non-seed,Bryophytes,Ptychomitriaceae,
non-seed,Bryophytes,Ptychomniaceae,
non-seed,Bryophytes,Racopilaceae,
non-seed,Bryophytes,Radulaceae,
non-seed,Bryophytes,Regmatodontaceae,
non-seed,Bryophytes,Rhabdoweisiaceae,
non-seed,Bryophytes,Rhachitheciaceae,
non-seed,Bryophytes,Rhacocarpaceae,
non-seed,Bryophytes,Rhizogoniaceae,
non-seed,Bryophytes,Ricciaceae,
non-seed,Bryophytes,Riellaceae,
non-seed,Bryophytes,Rigodiaceae,
non-seed,Bryophytes,Rutenbergiaceae,
non-seed,Bryophytes,Scapaniaceae,
non-seed,Bryophytes,Schistochilaceae,
non-seed,Bryophytes,Schistostegaceae,
non-seed,Bryophytes,Scorpidiaceae,
non-seed,Bryophytes,Seligeriaceae,
non-seed,Bryophytes,Sematophyllaceae,
non-seed,Bryophytes,Serpotortellaceae,
non-seed,Bryophytes,Sorapillaceae,
non-seed,Bryophytes,Sphaerocarpaceae,
non-seed,Bryophytes,Sphagnaceae,
non-seed,Bryophytes,Spiridentaceae,
non-seed,Bryophytes,Splachnaceae,
non-seed,Bryophytes,Splachnobryaceae,
non-seed,Bryophytes,Stereophyllaceae,
non-seed,Bryophytes,Takakiaceae,
non-seed,Bryophytes,Targioniaceae,
non-seed,Bryophytes,Tetraphidaceae,
non-seed,Bryophytes,Thamnobryaceae,
non-seed,Bryophytes,Theliaceae,
non-seed,Bryophytes,Thuidiaceae,
non-seed,Bryophytes,Timmiaceae,
non-seed,Bryophytes,Trachypodaceae,
non-seed,Bryophytes,Treubiaceae,
non-seed,Bryophytes,Trichocoleaceae,
non-seed,Bryophytes,Trichotemnomataceae,
non-seed,Bryophytes,Vandiemeniaceae,
non-seed,Bryophytes,Vetaformaceae,
non-seed,Bryophytes,Viridivelleraceae,
non-seed,Bryophytes,Wardiaceae,
non-seed,Bryophytes,Wiesnerellaceae,
non-seed,Pteridophytes,Anemiaceae,
non-seed,Pteridophytes,Apleniaceae,
non-seed,Pteridophytes,Aspleniaceae,
non-seed,Pteridophytes,Athyriaceae,
non-seed,Pteridophytes,Blechnaceae,
non-seed,Pteridophytes,Cibotiaceae,
non-seed,Pteridophytes,Culcitaceae,
non-seed,Pteridophytes,Cyatheaceae,
non-seed,Pteridophytes,Cystodiaceae,
non-seed,Pteridophytes,Cystopteridaceae,
non-seed,Pteridophytes,Davalliaceae,
non-seed,Pteridophytes,Dennstaedtiaceae,
non-seed,Pteridophytes,Dicksoniaceae,
non-seed,Pteridophytes,Diplaziopsidaceae,
non-seed,Pteridophytes,Dipteridaceae,
non-seed,Pteridophytes,Dryopteridacae,
non-seed,Pteridophytes,Dryopteridaceae,
non-seed,Pteridophytes,Equisetaceae,
non-seed,Pteridophytes,Gleicheniaceae,
non-seed,Pteridophytes,Hymenophyllaceae,
non-seed,Pteridophytes,Hypodematiaceae,
non-seed,Pteridophytes,Isoetaceae,
non-seed,Pteridophytes,Lindsaeaceae,
non-seed,Pteridophytes,Lomariopsidaceae,
non-seed,Pteridophytes,Lonchitidaceae,
non-seed,Pteridophytes,Loxsomataceae,
non-seed,Pteridophytes,Lycopodiaceae,
non-seed,Pteridophytes,Lygodiaceae,
non-seed,Pteridophytes,Marattiaceae,
non-seed,Pteridophytes,Marsileaceae,
non-seed,Pteridophytes,Matoniaceae,
non-seed,Pteridophytes,Metaxyaceae,
non-seed,Pteridophytes,Nephrolepidaceae,
non-seed,Pteridophytes,Oleandraceae,
non-seed,Pteridophytes,Onocleaceae,
non-seed,Pteridophytes,Ophioglossaceae,
non-seed,Pteridophytes,Osmundaceae,
non-seed,Pteridophytes,Plagiogyriaceae,
non-seed,Pteridophytes,Polypodiaceae,
non-seed,Pteridophytes,Psilotaceae,
non-seed,Pteridophytes,Pteridaceae,
non-seed,Pteridophytes,Rhachidosoraceae,
non-seed,Pteridophytes,Saccolomataceae,
non-seed,Pteridophytes,Salviniaceae,
non-seed,Pteridophytes,Schizaeaceae,
non-seed,Pteridophytes,Selaginellaceae,
non-seed,Pteridophytes,Tectariaceae,
non-seed,Pteridophytes,Thelypteridaceae,
non-seed,Pteridophytes,Thyrsopteridaceae,
non-seed,Pteridophytes,Woodsiaceae,
seed,Angiosperms,Acanthaceae,
seed,Angiosperms,Achariaceae,
seed,Angiosperms,Achatocarpaceae,
seed,Angiosperms,Acoraceae,
seed,Angiosperms,Actinidiaceae,
seed,Angiosperms,Adoxaceae,
seed,Angiosperms,Aextoxicaceae,
seed,Angiosperms,Aizoaceae,
seed,Angiosperms,Akaniaceae,
seed,Angiosperms,Alismataceae,
seed,Angiosperms,Alseuosmiaceae,
seed,Angiosperms,Alstroemeriaceae,
seed,Angiosperms,Altingiaceae,
seed,Angiosperms,Amaranthaceae,
seed,Angiosperms,Amaryllidaceae,
seed,Angiosperms,Amborellaceae,
seed,Angiosperms,Anacampserotaceae,
seed,Angiosperms,Anacardiaceae,
seed,Angiosperms,Anarthriaceae,
seed,Angiosperms,Ancistrocladaceae,
seed,Angiosperms,Anisophylleaceae,
seed,Angiosperms,Annonaceae,
seed,Angiosperms,Aphanopetalaceae,
seed,Angiosperms,Aphloiaceae,
seed,Angiosperms,Apiaceae,
seed,Angiosperms,Apocynaceae,
seed,Angiosperms,Apodanthaceae,
seed,Angiosperms,Aponogetonaceae,
seed,Angiosperms,Aquifoliaceae,
seed,Angiosperms,Araceae,
seed,Angiosperms,Araliaceae,
seed,Angiosperms,Arecaceae,
seed,Angiosperms,Argophyllaceae,
seed,Angiosperms,Aristolochiaceae,
seed,Angiosperms,Asparagaceae,
seed,Angiosperms,Asteliaceae,
seed,Angiosperms,Asteropeiaceae,
seed,Angiosperms,Atherospermataceae,
seed,Angiosperms,Austrobaileyaceae,
seed,Angiosperms,Balanopaceae,
seed,Angiosperms,Balanophoraceae,
seed,Angiosperms,Balsaminaceae,
seed,Angiosperms,Barbeuiaceae,
seed,Angiosperms,Barbeyaceae,
seed,Angiosperms,Basellaceae,
seed,Angiosperms,Bataceae,
seed,Angiosperms,Begoniaceae,
seed,Angiosperms,Berberidaceae,
seed,Angiosperms,Berberidopsidaceae,
seed,Angiosperms,Betulaceae,
seed,Angiosperms,Biebersteiniaceae,
seed,Angiosperms,Bignoniaceae,
seed,Angiosperms,Bixaceae,
seed,Angiosperms,Blandfordiaceae,
seed,Angiosperms,Bonnetiaceae,
seed,Angiosperms,Boraginaceae,
seed,Angiosperms,Boryaceae,
seed,Angiosperms,Brassicaceae,
seed,Angiosperms,Bromeliaceae,
seed,Angiosperms,Brunelliaceae,
seed,Angiosperms,Bruniaceae,
seed,Angiosperms,Burmanniaceae,
seed,Angiosperms,Burseraceae,
seed,Angiosperms,Butomaceae,
seed,Angiosperms,Buxaceae,
seed,Angiosperms,Byblidaceae,
seed,Angiosperms,Cabombaceae,
seed,Angiosperms,Cactaceae,
seed,Angiosperms,Calceolariaceae,
seed,Angiosperms,Calophyllaceae,
seed,Angiosperms,Calycanthaceae,
seed,Angiosperms,Calyceraceae,
seed,Angiosperms,Campanulaceae,
seed,Angiosperms,Campynemataceae,
seed,Angiosperms,Canellaceae,
seed,Angiosperms,Cannabaceae,
seed,Angiosperms,Cannaceae,
seed,Angiosperms,Capparaceae,
seed,Angiosperms,Caprifoliaceae,
seed,Angiosperms,Cardiopteridaceae,
seed,Angiosperms,Caricaceae,
seed,Angiosperms,Carlemanniaceae,
seed,Angiosperms,Caryocaraceae,
seed,Angiosperms,Caryophyllaceae,
seed,Angiosperms,Casuarinaceae,
seed,Angiosperms,Celastraceae,
seed,Angiosperms,Centrolepidaceae,
seed,Angiosperms,Centroplacaceae,
seed,Angiosperms,Cephalotaceae,
seed,Angiosperms,Ceratophyllaceae,
seed,Angiosperms,Cercidiphyllaceae,
seed,Angiosperms,Chloranthaceae,
seed,Angiosperms,Chrysobalanaceae,
seed,Angiosperms,Circaeasteraceae,
seed,Angiosperms,Cistaceae,
seed,Angiosperms,Cleomaceae,
seed,Angiosperms,Clethraceae,
seed,Angiosperms,Clusiaceae,
seed,Angiosperms,Colchicaceae,
seed,Angiosperms,Columelliaceae,
seed,Angiosperms,Combretaceae,
seed,Angiosperms,Commelinaceae,
seed,Angiosperms,Connaraceae,
seed,Angiosperms,Convolvulaceae,
seed,Angiosperms,Coriariaceae,
seed,Angiosperms,Cornaceae,
seed,Angiosperms,Corsiaceae,
seed,Angiosperms,Corynocarpaceae,
seed,Angiosperms,Costaceae,
seed,Angiosperms,Crassulaceae,
seed,Angiosperms,Crossosomataceae,
seed,Angiosperms,Ctenolophonaceae,
seed,Angiosperms,Cucurbitaceae,
seed,Angiosperms,Cunoniaceae,
seed,Angiosperms,Curtisiaceae,
seed,Angiosperms,Cyclanthaceae,
seed,Angiosperms,Cymodoceaceae,
seed,Angiosperms,Cynomoriaceae,
seed,Angiosperms,Cyperaceae,
seed,Angiosperms,Cyrillaceae,
seed,Angiosperms,Cytinaceae,
seed,Angiosperms,Daphniphyllaceae,
seed,Angiosperms,Dasypogonaceae,
seed,Angiosperms,Datiscaceae,
seed,Angiosperms,Degeneriaceae,
seed,Angiosperms,Diapensiaceae,
seed,Angiosperms,Dichapetalaceae,
seed,Angiosperms,Didiereaceae,
seed,Angiosperms,Dilleniaceae,
seed,Angiosperms,Dioncophyllaceae,
seed,Angiosperms,Dioscoreaceae,
seed,Angiosperms,Dipentodontaceae,
seed,Angiosperms,Dipterocarpaceae,
seed,Angiosperms,Dirachmaceae,
seed,Angiosperms,Doryanthaceae,
seed,Angiosperms,Droseraceae,
seed,Angiosperms,Drosophyllaceae,
seed,Angiosperms,Ebenaceae,
seed,Angiosperms,Ecdeiocoleaceae,
seed,Angiosperms,Elaeagnaceae,
seed,Angiosperms,Elaeocarpaceae,
seed,Angiosperms,Elatinaceae,
seed,Angiosperms,Emblingiaceae,
seed,Angiosperms,Ericaceae,
seed,Angiosperms,Eriocaulaceae,
seed,Angiosperms,Erythroxylaceae,
seed,Angiosperms,Escalloniaceae,
seed,Angiosperms,Eucommiaceae,
seed,Angiosperms,Euphorbiaceae,
seed,Angiosperms,Euphroniaceae,
seed,Angiosperms,Eupomatiaceae,
seed,Angiosperms,Eupteleaceae,
seed,Angiosperms,Fagaceae,
seed,Angiosperms,Flacourtiaceae,
seed,Angiosperms,Flagellariaceae,
seed,Angiosperms,Fouquieriaceae,
seed,Angiosperms,Frankeniaceae,
seed,Angiosperms,Garryaceae,
seed,Angiosperms,Geissolomataceae,
seed,Angiosperms,Gelsemiaceae,
seed,Angiosperms,Gentianaceae,
seed,Angiosperms,Geraniaceae,
seed,Angiosperms,Gerrardinaceae,
seed,Angiosperms,Gesneriaceae,
seed,Angiosperms,Gisekiaceae,
seed,Angiosperms,Gomortegaceae,
seed,Angiosperms,Goodeniaceae,
seed,Angiosperms,Goupiaceae,
seed,Angiosperms,Grossulariaceae,
seed,Angiosperms,Grubbiaceae,
seed,Angiosperms,Guamatelaceae,
seed,Angiosperms,Gunneraceae,
seed,Angiosperms,Gyrostemonaceae,
seed,Angiosperms,Haemodoraceae,
seed,Angiosperms,Halophytaceae,
seed,Angiosperms,Haloragaceae,
seed,Angiosperms,Hamamelidaceae,
seed,Angiosperms,Hanguanaceae,
seed,Angiosperms,Haptanthaceae,
seed,Angiosperms,Heliconiaceae,
seed,Angiosperms,Helwingiaceae,
seed,Angiosperms,Hernandiaceae,
seed,Angiosperms,Himantandraceae,
seed,Angiosperms,Huaceae,
seed,Angiosperms,Humiriaceae,
seed,Angiosperms,Hydatellaceae,
seed,Angiosperms,Hydnoraceae,
seed,Angiosperms,Hydrangeaceae,
seed,Angiosperms,Hydrocharitaceae,
seed,Angiosperms,Hydroleaceae,
seed,Angiosperms,Hydrostachyaceae,
seed,Angiosperms,Hypericaceae,
seed,Angiosperms,Hypoxidaceae,
seed,Angiosperms,Icacinaceae,
seed,Angiosperms,Iridaceae,
seed,Angiosperms,Irvingiaceae,
seed,Angiosperms,Iteaceae,
seed,Angiosperms,Ixioliriaceae,
seed,Angiosperms,Ixonanthaceae,
seed,Angiosperms,Joinvilleaceae,
seed,Angiosperms,Juglandaceae,
seed,Angiosperms,Juncaceae,
seed,Angiosperms,Juncaginaceae,
seed,Angiosperms,Kirkiaceae,
seed,Angiosperms,Koeberliniaceae,
seed,Angiosperms,Krameriaceae,
seed,Angiosperms,Lacistemataceae,
seed,Angiosperms,Lactoridaceae,
seed,Angiosperms,Lamiaceae,
seed,Angiosperms,Lanariaceae,
seed,Angiosperms,Lardizabalaceae,
seed,Angiosperms,Lauraceae,
seed,Angiosperms,Lecythidaceae,
seed,Angiosperms,Lentibulariaceae,
seed,Angiosperms,Lepidobotryaceae,
seed,Angiosperms,Liliaceae,
seed,Angiosperms,Limeaceae,
seed,Angiosperms,Limnanthaceae,
seed,Angiosperms,Linaceae,
seed,Angiosperms,Linderniaceae,
seed,Angiosperms,Loasaceae,
seed,Angiosperms,Loganiaceae,
seed,Angiosperms,Lophiocarpaceae,
seed,Angiosperms,Lophopyxidaceae,
seed,Angiosperms,Loranthaceae,
seed,Angiosperms,Lowiaceae,
seed,Angiosperms,Lythraceae,
seed,Angiosperms,Magnoliaceae,
seed,Angiosperms,Malpighiaceae,
seed,Angiosperms,Malvaceae,
seed,Angiosperms,Marantaceae,
seed,Angiosperms,Marcgraviaceae,
seed,Angiosperms,Martyniaceae,
seed,Angiosperms,Mayacaceae,
seed,Angiosperms,Melanthiaceae,
seed,Angiosperms,Melastomataceae,
seed,Angiosperms,Meliaceae,
seed,Angiosperms,Melianthaceae,
seed,Angiosperms,Menispermaceae,
seed,Angiosperms,Menyanthaceae,
seed,Angiosperms,Metteniusaceae,
seed,Angiosperms,Misodendraceae,
seed,Angiosperms,Mitrastemonaceae,
seed,Angiosperms,Molluginaceae,
seed,Angiosperms,Monimiaceae,
seed,Angiosperms,Montiaceae,
seed,Angiosperms,Montiniaceae,
seed,Angiosperms,Moraceae,
seed,Angiosperms,Moringaceae,
seed,Angiosperms,Muntingiaceae,
seed,Angiosperms,Musaceae,
seed,Angiosperms,Myodocarpaceae,
seed,Angiosperms,Myricaceae,
seed,Angiosperms,Myristicaceae,
seed,Angiosperms,Myrothamnaceae,
seed,Angiosperms,Myrtaceae,
seed,Angiosperms,Nartheciaceae,
seed,Angiosperms,Nelumbonaceae,
seed,Angiosperms,Nepenthaceae,
seed,Angiosperms,Neuradaceae,
seed,Angiosperms,Nitrariaceae,
seed,Angiosperms,Nothofagaceae,
seed,Angiosperms,Nyctaginaceae,
seed,Angiosperms,Nymphaeaceae,
seed,Angiosperms,Ochnaceae,
seed,Angiosperms,Olacaceae,
seed,Angiosperms,Oleaceae,
seed,Angiosperms,Onagraceae,
seed,Angiosperms,Oncothecaceae,
seed,Angiosperms,Opiliaceae,
seed,Angiosperms,Orchidaceae,
seed,Angiosperms,Orobanchaceae,
seed,Angiosperms,Oxalidaceae,
seed,Angiosperms,Paeoniaceae,
seed,Angiosperms,Pandaceae,
seed,Angiosperms,Pandanaceae,
seed,Angiosperms,Papaveraceae,
seed,Angiosperms,Paracryphiaceae,
seed,Angiosperms,Passifloraceae,
seed,Angiosperms,Paulowniaceae,
seed,Angiosperms,Pedaliaceae,
seed,Angiosperms,Penaeaceae,
seed,Angiosperms,Pennantiaceae,
seed,Angiosperms,Pentadiplandraceae,
seed,Angiosperms,Pentaphragmataceae,
seed,Angiosperms,Pentaphylacaceae,
seed,Angiosperms,Penthoraceae,
seed,Angiosperms,Peraceae,
seed,Angiosperms,Peridiscaceae,
seed,Angiosperms,Petenaeaceae,
seed,Angiosperms,Petermanniaceae,
seed,Angiosperms,Petrosaviaceae,
seed,Angiosperms,Phellinaceae,
seed,Angiosperms,Philesiaceae,
seed,Angiosperms,Philydraceae,
seed,Angiosperms,Phrymaceae,
seed,Angiosperms,Phyllanthaceae,
seed,Angiosperms,Phyllonomaceae,
seed,Angiosperms,Physenaceae,
seed,Angiosperms,Phytolaccaceae,
seed,Angiosperms,Picramniaceae,
seed,Angiosperms,Picrodendraceae,
seed,Angiosperms,Piperaceae,
seed,Angiosperms,Pittosporaceae,
seed,Angiosperms,Plantaginaceae,
seed,Angiosperms,Platanaceae,
seed,Angiosperms,Plocospermataceae,
seed,Angiosperms,Plumbaginaceae,
seed,Angiosperms,Poaceae,
seed,Angiosperms,Podostemaceae,
seed,Angiosperms,Polemoniaceae,
seed,Angiosperms,Polygalaceae,
seed,Angiosperms,Polygonaceae,
seed,Angiosperms,Pontederiaceae,
seed,Angiosperms,Portulacaceae,
seed,Angiosperms,Posidoniaceae,
seed,Angiosperms,Potamogetonaceae,
seed,Angiosperms,Primulaceae,
seed,Angiosperms,Proteaceae,
seed,Angiosperms,Putranjivaceae,
seed,Angiosperms,Quillajaceae,
seed,Angiosperms,Rafflesiaceae,
seed,Angiosperms,Ranunculaceae,
seed,Angiosperms,Rapateaceae,
seed,Angiosperms,Resedaceae,
seed,Angiosperms,Restionaceae,
seed,Angiosperms,Rhabdodendraceae,
seed,Angiosperms,Rhamnaceae,
seed,Angiosperms,Rhipogonaceae,
seed,Angiosperms,Rhizophoraceae,
seed,Angiosperms,Roridulaceae,
seed,Angiosperms,Rosaceae,
seed,Angiosperms,Rousseaceae,
seed,Angiosperms,Rubiaceae,
seed,Angiosperms,Ruppiaceae,
seed,Angiosperms,Rutaceae,
seed,Angiosperms,Sabiaceae,
seed,Angiosperms,Salicaceae,
seed,Angiosperms,Salvadoraceae,
seed,Angiosperms,Santalaceae,
seed,Angiosperms,Sapindaceae,
seed,Angiosperms,Sapotaceae,
seed,Angiosperms,Sarcobataceae,
seed,Angiosperms,Sarcolaenaceae,
seed,Angiosperms,Sarraceniaceae,
seed,Angiosperms,Saururaceae,
seed,Angiosperms,Saxifragaceae,
seed,Angiosperms,Scheuchzeriaceae,
seed,Angiosperms,Schisandraceae,
seed,Angiosperms,Schlegeliaceae,
seed,Angiosperms,Schoepfiaceae,
seed,Angiosperms,Scrophulariaceae,
seed,Angiosperms,Setchellanthaceae,
seed,Angiosperms,Simaroubaceae,
seed,Angiosperms,Simmondsiaceae,
seed,Angiosperms,Siparunaceae,
seed,Angiosperms,Sladeniaceae,
seed,Angiosperms,Smilacaceae,
seed,Angiosperms,Solanaceae,
seed,Angiosperms,Sphaerosepalaceae,
seed,Angiosperms,Sphenocleaceae,
seed,Angiosperms,Stachyuraceae,
seed,Angiosperms,Staphyleaceae,
seed,Angiosperms,Stegnospermataceae,
seed,Angiosperms,Stemonaceae,
seed,Angiosperms,Stemonuraceae,
seed,Angiosperms,Stilbaceae,
seed,Angiosperms,Strasburgeriaceae,
seed,Angiosperms,Strelitziaceae,
seed,Angiosperms,Stylidiaceae,
seed,Angiosperms,Styracaceae,
seed,Angiosperms,Surianaceae,
seed,Angiosperms,Symplocaceae,
seed,Angiosperms,Talinaceae,
seed,Angiosperms,Tamaricaceae,
seed,Angiosperms,Tapisciaceae,
seed,Angiosperms,Tecophilaeaceae,
seed,Angiosperms,Tetrachondraceae,
seed,Angiosperms,Tetramelaceae,
seed,Angiosperms,Tetrameristaceae,
seed,Angiosperms,Theaceae,
seed,Angiosperms,Thomandersiaceae,
seed,Angiosperms,Thurniaceae,
seed,Angiosperms,Thymelaeaceae,
seed,Angiosperms,Ticodendraceae,
seed,Angiosperms,Tofieldiaceae,
seed,Angiosperms,Torricelliaceae,
seed,Angiosperms,Tovariaceae,
seed,Angiosperms,Trigoniaceae,
seed,Angiosperms,Trimeniaceae,
seed,Angiosperms,Triuridaceae,
seed,Angiosperms,Trochodendraceae,
seed,Angiosperms,Tropaeolaceae,
seed,Angiosperms,Typhaceae,
seed,Angiosperms,Ulmaceae,
seed,Angiosperms,Urticaceae,
seed,Angiosperms,Vahliaceae,
seed,Angiosperms,Velloziaceae,
seed,Angiosperms,Verbenaceae,
seed,Angiosperms,Violaceae,
seed,Angiosperms,Vitaceae,
seed,Angiosperms,Vivianiaceae,
seed,Angiosperms,Vochysiaceae,
seed,Angiosperms,Winteraceae,
seed,Angiosperms,Xanthorrhoeaceae,
seed,Angiosperms,Xeronemataceae,
seed,Angiosperms,Xyridaceae,
seed,Angiosperms,Zingiberaceae,
seed,Angiosperms,Zosteraceae,
seed,Angiosperms,Zygophyllaceae,
seed,Gymnosperms,Araucariaceae,
seed,Gymnosperms,Cupressaceae,
seed,Gymnosperms,Cycadaceae,
seed,Gymnosperms,Ephedraceae,
seed,Gymnosperms,Ginkgoaceae,
seed,Gymnosperms,Gnetaceae,
seed,Gymnosperms,Pinaceae,
seed,Gymnosperms,Podocarpaceae,
seed,Gymnosperms,Sciadopityaceae,
seed,Gymnosperms,Taxaceae,
seed,Gymnosperms,Welwitschiaceae,
seed,Gymnosperms,Zamiaceae,